"","Geslacht","Leeftijd","Geboorteland","Herkomst","Opleiding","Huishoudensinkomen","Perioden","Verdachten.per.10.000.inwoners.Totaal.verdachten.van.misdrijven..aantal."
"1","Totaal mannen en vrouwen","12 tot 18 jaar","Totaal","Totaal","Totaal opleidingen","Totaal","2014",190
"2","Totaal mannen en vrouwen","12 tot 18 jaar","Totaal","Totaal","Totaal opleidingen","Totaal","2015",181
"3","Totaal mannen en vrouwen","12 tot 18 jaar","Totaal","Totaal","Totaal opleidingen","Totaal","2016",168
"4","Totaal mannen en vrouwen","12 tot 18 jaar","Totaal","Totaal","Totaal opleidingen","Totaal","2017",153
"5","Totaal mannen en vrouwen","12 tot 18 jaar","Totaal","Totaal","Totaal opleidingen","Totaal","2018",136
"6","Totaal mannen en vrouwen","12 tot 18 jaar","Totaal","Totaal","Totaal opleidingen","Totaal","2019",153
"7","Totaal mannen en vrouwen","12 tot 18 jaar","Totaal","Totaal","Totaal opleidingen","Totaal","2020",134
"8","Totaal mannen en vrouwen","12 tot 18 jaar","Totaal","Totaal","Totaal opleidingen","Totaal","2021",128
"9","Totaal mannen en vrouwen","12 tot 18 jaar","Totaal","Totaal","Totaal opleidingen","Totaal","2022",147
"10","Totaal mannen en vrouwen","12 tot 18 jaar","Totaal","Totaal","Totaal opleidingen","Totaal","2023*",142
"11","Totaal mannen en vrouwen","12 tot 18 jaar","Totaal","Totaal","Totaal opleidingen","Totaal","2024*",129
"12","Totaal mannen en vrouwen","12 tot 18 jaar","Geboren in NL, ouders in NL","Totaal","Totaal opleidingen","Totaal","2014",133
"13","Totaal mannen en vrouwen","12 tot 18 jaar","Geboren in NL, ouders in NL","Totaal","Totaal opleidingen","Totaal","2015",125
"14","Totaal mannen en vrouwen","12 tot 18 jaar","Geboren in NL, ouders in NL","Totaal","Totaal opleidingen","Totaal","2016",120
"15","Totaal mannen en vrouwen","12 tot 18 jaar","Geboren in NL, ouders in NL","Totaal","Totaal opleidingen","Totaal","2017",113
"16","Totaal mannen en vrouwen","12 tot 18 jaar","Geboren in NL, ouders in NL","Totaal","Totaal opleidingen","Totaal","2018",100
"17","Totaal mannen en vrouwen","12 tot 18 jaar","Geboren in NL, ouders in NL","Totaal","Totaal opleidingen","Totaal","2019",113
"18","Totaal mannen en vrouwen","12 tot 18 jaar","Geboren in NL, ouders in NL","Totaal","Totaal opleidingen","Totaal","2020",100
"19","Totaal mannen en vrouwen","12 tot 18 jaar","Geboren in NL, ouders in NL","Totaal","Totaal opleidingen","Totaal","2021",101
"20","Totaal mannen en vrouwen","12 tot 18 jaar","Geboren in NL, ouders in NL","Totaal","Totaal opleidingen","Totaal","2022",117
"21","Totaal mannen en vrouwen","12 tot 18 jaar","Geboren in NL, ouders in NL","Totaal","Totaal opleidingen","Totaal","2023*",112
"22","Totaal mannen en vrouwen","12 tot 18 jaar","Geboren in NL, ouders in NL","Totaal","Totaal opleidingen","Totaal","2024*",96
"23","Totaal mannen en vrouwen","12 tot 18 jaar","Geboren in NL, één ouder geboren in NL","Totaal","Totaal opleidingen","Totaal","2014",258
"24","Totaal mannen en vrouwen","12 tot 18 jaar","Geboren in NL, één ouder geboren in NL","Totaal","Totaal opleidingen","Totaal","2015",255
"25","Totaal mannen en vrouwen","12 tot 18 jaar","Geboren in NL, één ouder geboren in NL","Totaal","Totaal opleidingen","Totaal","2016",236
"26","Totaal mannen en vrouwen","12 tot 18 jaar","Geboren in NL, één ouder geboren in NL","Totaal","Totaal opleidingen","Totaal","2017",212
"27","Totaal mannen en vrouwen","12 tot 18 jaar","Geboren in NL, één ouder geboren in NL","Totaal","Totaal opleidingen","Totaal","2018",188
"28","Totaal mannen en vrouwen","12 tot 18 jaar","Geboren in NL, één ouder geboren in NL","Totaal","Totaal opleidingen","Totaal","2019",214
"29","Totaal mannen en vrouwen","12 tot 18 jaar","Geboren in NL, één ouder geboren in NL","Totaal","Totaal opleidingen","Totaal","2020",186
"30","Totaal mannen en vrouwen","12 tot 18 jaar","Geboren in NL, één ouder geboren in NL","Totaal","Totaal opleidingen","Totaal","2021",178
"31","Totaal mannen en vrouwen","12 tot 18 jaar","Geboren in NL, één ouder geboren in NL","Totaal","Totaal opleidingen","Totaal","2022",204
"32","Totaal mannen en vrouwen","12 tot 18 jaar","Geboren in NL, één ouder geboren in NL","Totaal","Totaal opleidingen","Totaal","2023*",193
"33","Totaal mannen en vrouwen","12 tot 18 jaar","Geboren in NL, één ouder geboren in NL","Totaal","Totaal opleidingen","Totaal","2024*",173
"34","Totaal mannen en vrouwen","12 tot 18 jaar","Geboren in NL, twee ouders buiten NL","Totaal","Totaal opleidingen","Totaal","2014",468
"35","Totaal mannen en vrouwen","12 tot 18 jaar","Geboren in NL, twee ouders buiten NL","Totaal","Totaal opleidingen","Totaal","2015",456
"36","Totaal mannen en vrouwen","12 tot 18 jaar","Geboren in NL, twee ouders buiten NL","Totaal","Totaal opleidingen","Totaal","2016",402
"37","Totaal mannen en vrouwen","12 tot 18 jaar","Geboren in NL, twee ouders buiten NL","Totaal","Totaal opleidingen","Totaal","2017",333
"38","Totaal mannen en vrouwen","12 tot 18 jaar","Geboren in NL, twee ouders buiten NL","Totaal","Totaal opleidingen","Totaal","2018",300
"39","Totaal mannen en vrouwen","12 tot 18 jaar","Geboren in NL, twee ouders buiten NL","Totaal","Totaal opleidingen","Totaal","2019",336
"40","Totaal mannen en vrouwen","12 tot 18 jaar","Geboren in NL, twee ouders buiten NL","Totaal","Totaal opleidingen","Totaal","2020",288
"41","Totaal mannen en vrouwen","12 tot 18 jaar","Geboren in NL, twee ouders buiten NL","Totaal","Totaal opleidingen","Totaal","2021",244
"42","Totaal mannen en vrouwen","12 tot 18 jaar","Geboren in NL, twee ouders buiten NL","Totaal","Totaal opleidingen","Totaal","2022",262
"43","Totaal mannen en vrouwen","12 tot 18 jaar","Geboren in NL, twee ouders buiten NL","Totaal","Totaal opleidingen","Totaal","2023*",262
"44","Totaal mannen en vrouwen","12 tot 18 jaar","Geboren in NL, twee ouders buiten NL","Totaal","Totaal opleidingen","Totaal","2024*",245
"45","Totaal mannen en vrouwen","12 tot 18 jaar","Geboren buiten Nederland","Totaal","Totaal opleidingen","Totaal","2014",343
"46","Totaal mannen en vrouwen","12 tot 18 jaar","Geboren buiten Nederland","Totaal","Totaal opleidingen","Totaal","2015",313
"47","Totaal mannen en vrouwen","12 tot 18 jaar","Geboren buiten Nederland","Totaal","Totaal opleidingen","Totaal","2016",271
"48","Totaal mannen en vrouwen","12 tot 18 jaar","Geboren buiten Nederland","Totaal","Totaal opleidingen","Totaal","2017",232
"49","Totaal mannen en vrouwen","12 tot 18 jaar","Geboren buiten Nederland","Totaal","Totaal opleidingen","Totaal","2018",211
"50","Totaal mannen en vrouwen","12 tot 18 jaar","Geboren buiten Nederland","Totaal","Totaal opleidingen","Totaal","2019",225
"51","Totaal mannen en vrouwen","12 tot 18 jaar","Geboren buiten Nederland","Totaal","Totaal opleidingen","Totaal","2020",189
"52","Totaal mannen en vrouwen","12 tot 18 jaar","Geboren buiten Nederland","Totaal","Totaal opleidingen","Totaal","2021",170
"53","Totaal mannen en vrouwen","12 tot 18 jaar","Geboren buiten Nederland","Totaal","Totaal opleidingen","Totaal","2022",193
"54","Totaal mannen en vrouwen","12 tot 18 jaar","Geboren buiten Nederland","Totaal","Totaal opleidingen","Totaal","2023*",183
"55","Totaal mannen en vrouwen","12 tot 18 jaar","Geboren buiten Nederland","Totaal","Totaal opleidingen","Totaal","2024*",198
"56","Totaal mannen en vrouwen","18 tot 23 jaar","Totaal","Totaal","Totaal opleidingen","Totaal","2014",306
"57","Totaal mannen en vrouwen","18 tot 23 jaar","Totaal","Totaal","Totaal opleidingen","Totaal","2015",270
"58","Totaal mannen en vrouwen","18 tot 23 jaar","Totaal","Totaal","Totaal opleidingen","Totaal","2016",246
"59","Totaal mannen en vrouwen","18 tot 23 jaar","Totaal","Totaal","Totaal opleidingen","Totaal","2017",224
"60","Totaal mannen en vrouwen","18 tot 23 jaar","Totaal","Totaal","Totaal opleidingen","Totaal","2018",210
"61","Totaal mannen en vrouwen","18 tot 23 jaar","Totaal","Totaal","Totaal opleidingen","Totaal","2019",218
"62","Totaal mannen en vrouwen","18 tot 23 jaar","Totaal","Totaal","Totaal opleidingen","Totaal","2020",213
"63","Totaal mannen en vrouwen","18 tot 23 jaar","Totaal","Totaal","Totaal opleidingen","Totaal","2021",196
"64","Totaal mannen en vrouwen","18 tot 23 jaar","Totaal","Totaal","Totaal opleidingen","Totaal","2022",202
"65","Totaal mannen en vrouwen","18 tot 23 jaar","Totaal","Totaal","Totaal opleidingen","Totaal","2023*",176
"66","Totaal mannen en vrouwen","18 tot 23 jaar","Totaal","Totaal","Totaal opleidingen","Totaal","2024*",166
"67","Totaal mannen en vrouwen","18 tot 23 jaar","Geboren in NL, ouders in NL","Totaal","Totaal opleidingen","Totaal","2014",232
"68","Totaal mannen en vrouwen","18 tot 23 jaar","Geboren in NL, ouders in NL","Totaal","Totaal opleidingen","Totaal","2015",202
"69","Totaal mannen en vrouwen","18 tot 23 jaar","Geboren in NL, ouders in NL","Totaal","Totaal opleidingen","Totaal","2016",186
"70","Totaal mannen en vrouwen","18 tot 23 jaar","Geboren in NL, ouders in NL","Totaal","Totaal opleidingen","Totaal","2017",170
"71","Totaal mannen en vrouwen","18 tot 23 jaar","Geboren in NL, ouders in NL","Totaal","Totaal opleidingen","Totaal","2018",157
"72","Totaal mannen en vrouwen","18 tot 23 jaar","Geboren in NL, ouders in NL","Totaal","Totaal opleidingen","Totaal","2019",166
"73","Totaal mannen en vrouwen","18 tot 23 jaar","Geboren in NL, ouders in NL","Totaal","Totaal opleidingen","Totaal","2020",159
"74","Totaal mannen en vrouwen","18 tot 23 jaar","Geboren in NL, ouders in NL","Totaal","Totaal opleidingen","Totaal","2021",156
"75","Totaal mannen en vrouwen","18 tot 23 jaar","Geboren in NL, ouders in NL","Totaal","Totaal opleidingen","Totaal","2022",169
"76","Totaal mannen en vrouwen","18 tot 23 jaar","Geboren in NL, ouders in NL","Totaal","Totaal opleidingen","Totaal","2023*",141
"77","Totaal mannen en vrouwen","18 tot 23 jaar","Geboren in NL, ouders in NL","Totaal","Totaal opleidingen","Totaal","2024*",129
"78","Totaal mannen en vrouwen","18 tot 23 jaar","Geboren in NL, één ouder geboren in NL","Totaal","Totaal opleidingen","Totaal","2014",393
"79","Totaal mannen en vrouwen","18 tot 23 jaar","Geboren in NL, één ouder geboren in NL","Totaal","Totaal opleidingen","Totaal","2015",331
"80","Totaal mannen en vrouwen","18 tot 23 jaar","Geboren in NL, één ouder geboren in NL","Totaal","Totaal opleidingen","Totaal","2016",311
"81","Totaal mannen en vrouwen","18 tot 23 jaar","Geboren in NL, één ouder geboren in NL","Totaal","Totaal opleidingen","Totaal","2017",289
"82","Totaal mannen en vrouwen","18 tot 23 jaar","Geboren in NL, één ouder geboren in NL","Totaal","Totaal opleidingen","Totaal","2018",286
"83","Totaal mannen en vrouwen","18 tot 23 jaar","Geboren in NL, één ouder geboren in NL","Totaal","Totaal opleidingen","Totaal","2019",293
"84","Totaal mannen en vrouwen","18 tot 23 jaar","Geboren in NL, één ouder geboren in NL","Totaal","Totaal opleidingen","Totaal","2020",290
"85","Totaal mannen en vrouwen","18 tot 23 jaar","Geboren in NL, één ouder geboren in NL","Totaal","Totaal opleidingen","Totaal","2021",278
"86","Totaal mannen en vrouwen","18 tot 23 jaar","Geboren in NL, één ouder geboren in NL","Totaal","Totaal opleidingen","Totaal","2022",280
"87","Totaal mannen en vrouwen","18 tot 23 jaar","Geboren in NL, één ouder geboren in NL","Totaal","Totaal opleidingen","Totaal","2023*",247
"88","Totaal mannen en vrouwen","18 tot 23 jaar","Geboren in NL, één ouder geboren in NL","Totaal","Totaal opleidingen","Totaal","2024*",230
"89","Totaal mannen en vrouwen","18 tot 23 jaar","Geboren in NL, twee ouders buiten NL","Totaal","Totaal opleidingen","Totaal","2014",736
"90","Totaal mannen en vrouwen","18 tot 23 jaar","Geboren in NL, twee ouders buiten NL","Totaal","Totaal opleidingen","Totaal","2015",678
"91","Totaal mannen en vrouwen","18 tot 23 jaar","Geboren in NL, twee ouders buiten NL","Totaal","Totaal opleidingen","Totaal","2016",610
"92","Totaal mannen en vrouwen","18 tot 23 jaar","Geboren in NL, twee ouders buiten NL","Totaal","Totaal opleidingen","Totaal","2017",545
"93","Totaal mannen en vrouwen","18 tot 23 jaar","Geboren in NL, twee ouders buiten NL","Totaal","Totaal opleidingen","Totaal","2018",514
"94","Totaal mannen en vrouwen","18 tot 23 jaar","Geboren in NL, twee ouders buiten NL","Totaal","Totaal opleidingen","Totaal","2019",530
"95","Totaal mannen en vrouwen","18 tot 23 jaar","Geboren in NL, twee ouders buiten NL","Totaal","Totaal opleidingen","Totaal","2020",536
"96","Totaal mannen en vrouwen","18 tot 23 jaar","Geboren in NL, twee ouders buiten NL","Totaal","Totaal opleidingen","Totaal","2021",450
"97","Totaal mannen en vrouwen","18 tot 23 jaar","Geboren in NL, twee ouders buiten NL","Totaal","Totaal opleidingen","Totaal","2022",428
"98","Totaal mannen en vrouwen","18 tot 23 jaar","Geboren in NL, twee ouders buiten NL","Totaal","Totaal opleidingen","Totaal","2023*",390
"99","Totaal mannen en vrouwen","18 tot 23 jaar","Geboren in NL, twee ouders buiten NL","Totaal","Totaal opleidingen","Totaal","2024*",380
"100","Totaal mannen en vrouwen","18 tot 23 jaar","Geboren buiten Nederland","Totaal","Totaal opleidingen","Totaal","2014",387
"101","Totaal mannen en vrouwen","18 tot 23 jaar","Geboren buiten Nederland","Totaal","Totaal opleidingen","Totaal","2015",337
"102","Totaal mannen en vrouwen","18 tot 23 jaar","Geboren buiten Nederland","Totaal","Totaal opleidingen","Totaal","2016",282
"103","Totaal mannen en vrouwen","18 tot 23 jaar","Geboren buiten Nederland","Totaal","Totaal opleidingen","Totaal","2017",254
"104","Totaal mannen en vrouwen","18 tot 23 jaar","Geboren buiten Nederland","Totaal","Totaal opleidingen","Totaal","2018",228
"105","Totaal mannen en vrouwen","18 tot 23 jaar","Geboren buiten Nederland","Totaal","Totaal opleidingen","Totaal","2019",215
"106","Totaal mannen en vrouwen","18 tot 23 jaar","Geboren buiten Nederland","Totaal","Totaal opleidingen","Totaal","2020",212
"107","Totaal mannen en vrouwen","18 tot 23 jaar","Geboren buiten Nederland","Totaal","Totaal opleidingen","Totaal","2021",170
"108","Totaal mannen en vrouwen","18 tot 23 jaar","Geboren buiten Nederland","Totaal","Totaal opleidingen","Totaal","2022",162
"109","Totaal mannen en vrouwen","18 tot 23 jaar","Geboren buiten Nederland","Totaal","Totaal opleidingen","Totaal","2023*",156
"110","Totaal mannen en vrouwen","18 tot 23 jaar","Geboren buiten Nederland","Totaal","Totaal opleidingen","Totaal","2024*",158
"111","Totaal mannen en vrouwen","23 tot 45 jaar","Totaal","Totaal","Totaal opleidingen","Totaal","2014",185
"112","Totaal mannen en vrouwen","23 tot 45 jaar","Totaal","Totaal","Totaal opleidingen","Totaal","2015",168
"113","Totaal mannen en vrouwen","23 tot 45 jaar","Totaal","Totaal","Totaal opleidingen","Totaal","2016",156
"114","Totaal mannen en vrouwen","23 tot 45 jaar","Totaal","Totaal","Totaal opleidingen","Totaal","2017",143
"115","Totaal mannen en vrouwen","23 tot 45 jaar","Totaal","Totaal","Totaal opleidingen","Totaal","2018",138
"116","Totaal mannen en vrouwen","23 tot 45 jaar","Totaal","Totaal","Totaal opleidingen","Totaal","2019",136
"117","Totaal mannen en vrouwen","23 tot 45 jaar","Totaal","Totaal","Totaal opleidingen","Totaal","2020",128
"118","Totaal mannen en vrouwen","23 tot 45 jaar","Totaal","Totaal","Totaal opleidingen","Totaal","2021",118
"119","Totaal mannen en vrouwen","23 tot 45 jaar","Totaal","Totaal","Totaal opleidingen","Totaal","2022",125
"120","Totaal mannen en vrouwen","23 tot 45 jaar","Totaal","Totaal","Totaal opleidingen","Totaal","2023*",119
"121","Totaal mannen en vrouwen","23 tot 45 jaar","Totaal","Totaal","Totaal opleidingen","Totaal","2024*",112
"122","Totaal mannen en vrouwen","23 tot 45 jaar","Geboren in NL, ouders in NL","Totaal","Totaal opleidingen","Totaal","2014",138
"123","Totaal mannen en vrouwen","23 tot 45 jaar","Geboren in NL, ouders in NL","Totaal","Totaal opleidingen","Totaal","2015",125
"124","Totaal mannen en vrouwen","23 tot 45 jaar","Geboren in NL, ouders in NL","Totaal","Totaal opleidingen","Totaal","2016",114
"125","Totaal mannen en vrouwen","23 tot 45 jaar","Geboren in NL, ouders in NL","Totaal","Totaal opleidingen","Totaal","2017",105
"126","Totaal mannen en vrouwen","23 tot 45 jaar","Geboren in NL, ouders in NL","Totaal","Totaal opleidingen","Totaal","2018",102
"127","Totaal mannen en vrouwen","23 tot 45 jaar","Geboren in NL, ouders in NL","Totaal","Totaal opleidingen","Totaal","2019",99
"128","Totaal mannen en vrouwen","23 tot 45 jaar","Geboren in NL, ouders in NL","Totaal","Totaal opleidingen","Totaal","2020",91
"129","Totaal mannen en vrouwen","23 tot 45 jaar","Geboren in NL, ouders in NL","Totaal","Totaal opleidingen","Totaal","2021",86
"130","Totaal mannen en vrouwen","23 tot 45 jaar","Geboren in NL, ouders in NL","Totaal","Totaal opleidingen","Totaal","2022",92
"131","Totaal mannen en vrouwen","23 tot 45 jaar","Geboren in NL, ouders in NL","Totaal","Totaal opleidingen","Totaal","2023*",86
"132","Totaal mannen en vrouwen","23 tot 45 jaar","Geboren in NL, ouders in NL","Totaal","Totaal opleidingen","Totaal","2024*",79
"133","Totaal mannen en vrouwen","23 tot 45 jaar","Geboren in NL, één ouder geboren in NL","Totaal","Totaal opleidingen","Totaal","2014",218
"134","Totaal mannen en vrouwen","23 tot 45 jaar","Geboren in NL, één ouder geboren in NL","Totaal","Totaal opleidingen","Totaal","2015",202
"135","Totaal mannen en vrouwen","23 tot 45 jaar","Geboren in NL, één ouder geboren in NL","Totaal","Totaal opleidingen","Totaal","2016",189
"136","Totaal mannen en vrouwen","23 tot 45 jaar","Geboren in NL, één ouder geboren in NL","Totaal","Totaal opleidingen","Totaal","2017",170
"137","Totaal mannen en vrouwen","23 tot 45 jaar","Geboren in NL, één ouder geboren in NL","Totaal","Totaal opleidingen","Totaal","2018",164
"138","Totaal mannen en vrouwen","23 tot 45 jaar","Geboren in NL, één ouder geboren in NL","Totaal","Totaal opleidingen","Totaal","2019",167
"139","Totaal mannen en vrouwen","23 tot 45 jaar","Geboren in NL, één ouder geboren in NL","Totaal","Totaal opleidingen","Totaal","2020",160
"140","Totaal mannen en vrouwen","23 tot 45 jaar","Geboren in NL, één ouder geboren in NL","Totaal","Totaal opleidingen","Totaal","2021",145
"141","Totaal mannen en vrouwen","23 tot 45 jaar","Geboren in NL, één ouder geboren in NL","Totaal","Totaal opleidingen","Totaal","2022",156
"142","Totaal mannen en vrouwen","23 tot 45 jaar","Geboren in NL, één ouder geboren in NL","Totaal","Totaal opleidingen","Totaal","2023*",147
"143","Totaal mannen en vrouwen","23 tot 45 jaar","Geboren in NL, één ouder geboren in NL","Totaal","Totaal opleidingen","Totaal","2024*",145
"144","Totaal mannen en vrouwen","23 tot 45 jaar","Geboren in NL, twee ouders buiten NL","Totaal","Totaal opleidingen","Totaal","2014",512
"145","Totaal mannen en vrouwen","23 tot 45 jaar","Geboren in NL, twee ouders buiten NL","Totaal","Totaal opleidingen","Totaal","2015",466
"146","Totaal mannen en vrouwen","23 tot 45 jaar","Geboren in NL, twee ouders buiten NL","Totaal","Totaal opleidingen","Totaal","2016",434
"147","Totaal mannen en vrouwen","23 tot 45 jaar","Geboren in NL, twee ouders buiten NL","Totaal","Totaal opleidingen","Totaal","2017",394
"148","Totaal mannen en vrouwen","23 tot 45 jaar","Geboren in NL, twee ouders buiten NL","Totaal","Totaal opleidingen","Totaal","2018",383
"149","Totaal mannen en vrouwen","23 tot 45 jaar","Geboren in NL, twee ouders buiten NL","Totaal","Totaal opleidingen","Totaal","2019",378
"150","Totaal mannen en vrouwen","23 tot 45 jaar","Geboren in NL, twee ouders buiten NL","Totaal","Totaal opleidingen","Totaal","2020",359
"151","Totaal mannen en vrouwen","23 tot 45 jaar","Geboren in NL, twee ouders buiten NL","Totaal","Totaal opleidingen","Totaal","2021",326
"152","Totaal mannen en vrouwen","23 tot 45 jaar","Geboren in NL, twee ouders buiten NL","Totaal","Totaal opleidingen","Totaal","2022",338
"153","Totaal mannen en vrouwen","23 tot 45 jaar","Geboren in NL, twee ouders buiten NL","Totaal","Totaal opleidingen","Totaal","2023*",318
"154","Totaal mannen en vrouwen","23 tot 45 jaar","Geboren in NL, twee ouders buiten NL","Totaal","Totaal opleidingen","Totaal","2024*",308
"155","Totaal mannen en vrouwen","23 tot 45 jaar","Geboren buiten Nederland","Totaal","Totaal opleidingen","Totaal","2014",271
"156","Totaal mannen en vrouwen","23 tot 45 jaar","Geboren buiten Nederland","Totaal","Totaal opleidingen","Totaal","2015",240
"157","Totaal mannen en vrouwen","23 tot 45 jaar","Geboren buiten Nederland","Totaal","Totaal opleidingen","Totaal","2016",217
"158","Totaal mannen en vrouwen","23 tot 45 jaar","Geboren buiten Nederland","Totaal","Totaal opleidingen","Totaal","2017",194
"159","Totaal mannen en vrouwen","23 tot 45 jaar","Geboren buiten Nederland","Totaal","Totaal opleidingen","Totaal","2018",177
"160","Totaal mannen en vrouwen","23 tot 45 jaar","Geboren buiten Nederland","Totaal","Totaal opleidingen","Totaal","2019",174
"161","Totaal mannen en vrouwen","23 tot 45 jaar","Geboren buiten Nederland","Totaal","Totaal opleidingen","Totaal","2020",161
"162","Totaal mannen en vrouwen","23 tot 45 jaar","Geboren buiten Nederland","Totaal","Totaal opleidingen","Totaal","2021",144
"163","Totaal mannen en vrouwen","23 tot 45 jaar","Geboren buiten Nederland","Totaal","Totaal opleidingen","Totaal","2022",147
"164","Totaal mannen en vrouwen","23 tot 45 jaar","Geboren buiten Nederland","Totaal","Totaal opleidingen","Totaal","2023*",138
"165","Totaal mannen en vrouwen","23 tot 45 jaar","Geboren buiten Nederland","Totaal","Totaal opleidingen","Totaal","2024*",129
"166","Totaal mannen en vrouwen","45 tot 65 jaar","Totaal","Totaal","Totaal opleidingen","Totaal","2014",85
"167","Totaal mannen en vrouwen","45 tot 65 jaar","Totaal","Totaal","Totaal opleidingen","Totaal","2015",78
"168","Totaal mannen en vrouwen","45 tot 65 jaar","Totaal","Totaal","Totaal opleidingen","Totaal","2016",73
"169","Totaal mannen en vrouwen","45 tot 65 jaar","Totaal","Totaal","Totaal opleidingen","Totaal","2017",66
"170","Totaal mannen en vrouwen","45 tot 65 jaar","Totaal","Totaal","Totaal opleidingen","Totaal","2018",64
"171","Totaal mannen en vrouwen","45 tot 65 jaar","Totaal","Totaal","Totaal opleidingen","Totaal","2019",61
"172","Totaal mannen en vrouwen","45 tot 65 jaar","Totaal","Totaal","Totaal opleidingen","Totaal","2020",55
"173","Totaal mannen en vrouwen","45 tot 65 jaar","Totaal","Totaal","Totaal opleidingen","Totaal","2021",50
"174","Totaal mannen en vrouwen","45 tot 65 jaar","Totaal","Totaal","Totaal opleidingen","Totaal","2022",52
"175","Totaal mannen en vrouwen","45 tot 65 jaar","Totaal","Totaal","Totaal opleidingen","Totaal","2023*",51
"176","Totaal mannen en vrouwen","45 tot 65 jaar","Totaal","Totaal","Totaal opleidingen","Totaal","2024*",47
"177","Totaal mannen en vrouwen","45 tot 65 jaar","Geboren in NL, ouders in NL","Totaal","Totaal opleidingen","Totaal","2014",71
"178","Totaal mannen en vrouwen","45 tot 65 jaar","Geboren in NL, ouders in NL","Totaal","Totaal opleidingen","Totaal","2015",64
"179","Totaal mannen en vrouwen","45 tot 65 jaar","Geboren in NL, ouders in NL","Totaal","Totaal opleidingen","Totaal","2016",59
"180","Totaal mannen en vrouwen","45 tot 65 jaar","Geboren in NL, ouders in NL","Totaal","Totaal opleidingen","Totaal","2017",54
"181","Totaal mannen en vrouwen","45 tot 65 jaar","Geboren in NL, ouders in NL","Totaal","Totaal opleidingen","Totaal","2018",52
"182","Totaal mannen en vrouwen","45 tot 65 jaar","Geboren in NL, ouders in NL","Totaal","Totaal opleidingen","Totaal","2019",50
"183","Totaal mannen en vrouwen","45 tot 65 jaar","Geboren in NL, ouders in NL","Totaal","Totaal opleidingen","Totaal","2020",44
"184","Totaal mannen en vrouwen","45 tot 65 jaar","Geboren in NL, ouders in NL","Totaal","Totaal opleidingen","Totaal","2021",40
"185","Totaal mannen en vrouwen","45 tot 65 jaar","Geboren in NL, ouders in NL","Totaal","Totaal opleidingen","Totaal","2022",42
"186","Totaal mannen en vrouwen","45 tot 65 jaar","Geboren in NL, ouders in NL","Totaal","Totaal opleidingen","Totaal","2023*",40
"187","Totaal mannen en vrouwen","45 tot 65 jaar","Geboren in NL, ouders in NL","Totaal","Totaal opleidingen","Totaal","2024*",37
"188","Totaal mannen en vrouwen","45 tot 65 jaar","Geboren in NL, één ouder geboren in NL","Totaal","Totaal opleidingen","Totaal","2014",94
"189","Totaal mannen en vrouwen","45 tot 65 jaar","Geboren in NL, één ouder geboren in NL","Totaal","Totaal opleidingen","Totaal","2015",84
"190","Totaal mannen en vrouwen","45 tot 65 jaar","Geboren in NL, één ouder geboren in NL","Totaal","Totaal opleidingen","Totaal","2016",84
"191","Totaal mannen en vrouwen","45 tot 65 jaar","Geboren in NL, één ouder geboren in NL","Totaal","Totaal opleidingen","Totaal","2017",79
"192","Totaal mannen en vrouwen","45 tot 65 jaar","Geboren in NL, één ouder geboren in NL","Totaal","Totaal opleidingen","Totaal","2018",72
"193","Totaal mannen en vrouwen","45 tot 65 jaar","Geboren in NL, één ouder geboren in NL","Totaal","Totaal opleidingen","Totaal","2019",73
"194","Totaal mannen en vrouwen","45 tot 65 jaar","Geboren in NL, één ouder geboren in NL","Totaal","Totaal opleidingen","Totaal","2020",64
"195","Totaal mannen en vrouwen","45 tot 65 jaar","Geboren in NL, één ouder geboren in NL","Totaal","Totaal opleidingen","Totaal","2021",59
"196","Totaal mannen en vrouwen","45 tot 65 jaar","Geboren in NL, één ouder geboren in NL","Totaal","Totaal opleidingen","Totaal","2022",62
"197","Totaal mannen en vrouwen","45 tot 65 jaar","Geboren in NL, één ouder geboren in NL","Totaal","Totaal opleidingen","Totaal","2023*",60
"198","Totaal mannen en vrouwen","45 tot 65 jaar","Geboren in NL, één ouder geboren in NL","Totaal","Totaal opleidingen","Totaal","2024*",55
"199","Totaal mannen en vrouwen","45 tot 65 jaar","Geboren in NL, twee ouders buiten NL","Totaal","Totaal opleidingen","Totaal","2014",100
"200","Totaal mannen en vrouwen","45 tot 65 jaar","Geboren in NL, twee ouders buiten NL","Totaal","Totaal opleidingen","Totaal","2015",101
"201","Totaal mannen en vrouwen","45 tot 65 jaar","Geboren in NL, twee ouders buiten NL","Totaal","Totaal opleidingen","Totaal","2016",93
"202","Totaal mannen en vrouwen","45 tot 65 jaar","Geboren in NL, twee ouders buiten NL","Totaal","Totaal opleidingen","Totaal","2017",87
"203","Totaal mannen en vrouwen","45 tot 65 jaar","Geboren in NL, twee ouders buiten NL","Totaal","Totaal opleidingen","Totaal","2018",92
"204","Totaal mannen en vrouwen","45 tot 65 jaar","Geboren in NL, twee ouders buiten NL","Totaal","Totaal opleidingen","Totaal","2019",99
"205","Totaal mannen en vrouwen","45 tot 65 jaar","Geboren in NL, twee ouders buiten NL","Totaal","Totaal opleidingen","Totaal","2020",93
"206","Totaal mannen en vrouwen","45 tot 65 jaar","Geboren in NL, twee ouders buiten NL","Totaal","Totaal opleidingen","Totaal","2021",87
"207","Totaal mannen en vrouwen","45 tot 65 jaar","Geboren in NL, twee ouders buiten NL","Totaal","Totaal opleidingen","Totaal","2022",97
"208","Totaal mannen en vrouwen","45 tot 65 jaar","Geboren in NL, twee ouders buiten NL","Totaal","Totaal opleidingen","Totaal","2023*",109
"209","Totaal mannen en vrouwen","45 tot 65 jaar","Geboren in NL, twee ouders buiten NL","Totaal","Totaal opleidingen","Totaal","2024*",112
"210","Totaal mannen en vrouwen","45 tot 65 jaar","Geboren buiten Nederland","Totaal","Totaal opleidingen","Totaal","2014",169
"211","Totaal mannen en vrouwen","45 tot 65 jaar","Geboren buiten Nederland","Totaal","Totaal opleidingen","Totaal","2015",155
"212","Totaal mannen en vrouwen","45 tot 65 jaar","Geboren buiten Nederland","Totaal","Totaal opleidingen","Totaal","2016",147
"213","Totaal mannen en vrouwen","45 tot 65 jaar","Geboren buiten Nederland","Totaal","Totaal opleidingen","Totaal","2017",127
"214","Totaal mannen en vrouwen","45 tot 65 jaar","Geboren buiten Nederland","Totaal","Totaal opleidingen","Totaal","2018",119
"215","Totaal mannen en vrouwen","45 tot 65 jaar","Geboren buiten Nederland","Totaal","Totaal opleidingen","Totaal","2019",115
"216","Totaal mannen en vrouwen","45 tot 65 jaar","Geboren buiten Nederland","Totaal","Totaal opleidingen","Totaal","2020",102
"217","Totaal mannen en vrouwen","45 tot 65 jaar","Geboren buiten Nederland","Totaal","Totaal opleidingen","Totaal","2021",92
"218","Totaal mannen en vrouwen","45 tot 65 jaar","Geboren buiten Nederland","Totaal","Totaal opleidingen","Totaal","2022",92
"219","Totaal mannen en vrouwen","45 tot 65 jaar","Geboren buiten Nederland","Totaal","Totaal opleidingen","Totaal","2023*",88
"220","Totaal mannen en vrouwen","45 tot 65 jaar","Geboren buiten Nederland","Totaal","Totaal opleidingen","Totaal","2024*",82
"221","Totaal mannen en vrouwen","65 jaar of ouder","Totaal","Totaal","Totaal opleidingen","Totaal","2014",26
"222","Totaal mannen en vrouwen","65 jaar of ouder","Totaal","Totaal","Totaal opleidingen","Totaal","2015",23
"223","Totaal mannen en vrouwen","65 jaar of ouder","Totaal","Totaal","Totaal opleidingen","Totaal","2016",21
"224","Totaal mannen en vrouwen","65 jaar of ouder","Totaal","Totaal","Totaal opleidingen","Totaal","2017",19
"225","Totaal mannen en vrouwen","65 jaar of ouder","Totaal","Totaal","Totaal opleidingen","Totaal","2018",18
"226","Totaal mannen en vrouwen","65 jaar of ouder","Totaal","Totaal","Totaal opleidingen","Totaal","2019",17
"227","Totaal mannen en vrouwen","65 jaar of ouder","Totaal","Totaal","Totaal opleidingen","Totaal","2020",15
"228","Totaal mannen en vrouwen","65 jaar of ouder","Totaal","Totaal","Totaal opleidingen","Totaal","2021",13
"229","Totaal mannen en vrouwen","65 jaar of ouder","Totaal","Totaal","Totaal opleidingen","Totaal","2022",13
"230","Totaal mannen en vrouwen","65 jaar of ouder","Totaal","Totaal","Totaal opleidingen","Totaal","2023*",13
"231","Totaal mannen en vrouwen","65 jaar of ouder","Totaal","Totaal","Totaal opleidingen","Totaal","2024*",11
"232","Totaal mannen en vrouwen","65 jaar of ouder","Geboren in NL, ouders in NL","Totaal","Totaal opleidingen","Totaal","2014",24
"233","Totaal mannen en vrouwen","65 jaar of ouder","Geboren in NL, ouders in NL","Totaal","Totaal opleidingen","Totaal","2015",21
"234","Totaal mannen en vrouwen","65 jaar of ouder","Geboren in NL, ouders in NL","Totaal","Totaal opleidingen","Totaal","2016",19
"235","Totaal mannen en vrouwen","65 jaar of ouder","Geboren in NL, ouders in NL","Totaal","Totaal opleidingen","Totaal","2017",17
"236","Totaal mannen en vrouwen","65 jaar of ouder","Geboren in NL, ouders in NL","Totaal","Totaal opleidingen","Totaal","2018",16
"237","Totaal mannen en vrouwen","65 jaar of ouder","Geboren in NL, ouders in NL","Totaal","Totaal opleidingen","Totaal","2019",15
"238","Totaal mannen en vrouwen","65 jaar of ouder","Geboren in NL, ouders in NL","Totaal","Totaal opleidingen","Totaal","2020",13
"239","Totaal mannen en vrouwen","65 jaar of ouder","Geboren in NL, ouders in NL","Totaal","Totaal opleidingen","Totaal","2021",12
"240","Totaal mannen en vrouwen","65 jaar of ouder","Geboren in NL, ouders in NL","Totaal","Totaal opleidingen","Totaal","2022",12
"241","Totaal mannen en vrouwen","65 jaar of ouder","Geboren in NL, ouders in NL","Totaal","Totaal opleidingen","Totaal","2023*",12
"242","Totaal mannen en vrouwen","65 jaar of ouder","Geboren in NL, ouders in NL","Totaal","Totaal opleidingen","Totaal","2024*",10
"243","Totaal mannen en vrouwen","65 jaar of ouder","Geboren in NL, één ouder geboren in NL","Totaal","Totaal opleidingen","Totaal","2014",29
"244","Totaal mannen en vrouwen","65 jaar of ouder","Geboren in NL, één ouder geboren in NL","Totaal","Totaal opleidingen","Totaal","2015",25
"245","Totaal mannen en vrouwen","65 jaar of ouder","Geboren in NL, één ouder geboren in NL","Totaal","Totaal opleidingen","Totaal","2016",24
"246","Totaal mannen en vrouwen","65 jaar of ouder","Geboren in NL, één ouder geboren in NL","Totaal","Totaal opleidingen","Totaal","2017",18
"247","Totaal mannen en vrouwen","65 jaar of ouder","Geboren in NL, één ouder geboren in NL","Totaal","Totaal opleidingen","Totaal","2018",20
"248","Totaal mannen en vrouwen","65 jaar of ouder","Geboren in NL, één ouder geboren in NL","Totaal","Totaal opleidingen","Totaal","2019",17
"249","Totaal mannen en vrouwen","65 jaar of ouder","Geboren in NL, één ouder geboren in NL","Totaal","Totaal opleidingen","Totaal","2020",15
"250","Totaal mannen en vrouwen","65 jaar of ouder","Geboren in NL, één ouder geboren in NL","Totaal","Totaal opleidingen","Totaal","2021",14
"251","Totaal mannen en vrouwen","65 jaar of ouder","Geboren in NL, één ouder geboren in NL","Totaal","Totaal opleidingen","Totaal","2022",15
"252","Totaal mannen en vrouwen","65 jaar of ouder","Geboren in NL, één ouder geboren in NL","Totaal","Totaal opleidingen","Totaal","2023*",15
"253","Totaal mannen en vrouwen","65 jaar of ouder","Geboren in NL, één ouder geboren in NL","Totaal","Totaal opleidingen","Totaal","2024*",12
"254","Totaal mannen en vrouwen","65 jaar of ouder","Geboren in NL, twee ouders buiten NL","Totaal","Totaal opleidingen","Totaal","2014",32
"255","Totaal mannen en vrouwen","65 jaar of ouder","Geboren in NL, twee ouders buiten NL","Totaal","Totaal opleidingen","Totaal","2015",31
"256","Totaal mannen en vrouwen","65 jaar of ouder","Geboren in NL, twee ouders buiten NL","Totaal","Totaal opleidingen","Totaal","2016",27
"257","Totaal mannen en vrouwen","65 jaar of ouder","Geboren in NL, twee ouders buiten NL","Totaal","Totaal opleidingen","Totaal","2017",24
"258","Totaal mannen en vrouwen","65 jaar of ouder","Geboren in NL, twee ouders buiten NL","Totaal","Totaal opleidingen","Totaal","2018",32
"259","Totaal mannen en vrouwen","65 jaar of ouder","Geboren in NL, twee ouders buiten NL","Totaal","Totaal opleidingen","Totaal","2019",21
"260","Totaal mannen en vrouwen","65 jaar of ouder","Geboren in NL, twee ouders buiten NL","Totaal","Totaal opleidingen","Totaal","2020",21
"261","Totaal mannen en vrouwen","65 jaar of ouder","Geboren in NL, twee ouders buiten NL","Totaal","Totaal opleidingen","Totaal","2021",19
"262","Totaal mannen en vrouwen","65 jaar of ouder","Geboren in NL, twee ouders buiten NL","Totaal","Totaal opleidingen","Totaal","2022",21
"263","Totaal mannen en vrouwen","65 jaar of ouder","Geboren in NL, twee ouders buiten NL","Totaal","Totaal opleidingen","Totaal","2023*",17
"264","Totaal mannen en vrouwen","65 jaar of ouder","Geboren in NL, twee ouders buiten NL","Totaal","Totaal opleidingen","Totaal","2024*",17
"265","Totaal mannen en vrouwen","65 jaar of ouder","Geboren buiten Nederland","Totaal","Totaal opleidingen","Totaal","2014",42
"266","Totaal mannen en vrouwen","65 jaar of ouder","Geboren buiten Nederland","Totaal","Totaal opleidingen","Totaal","2015",40
"267","Totaal mannen en vrouwen","65 jaar of ouder","Geboren buiten Nederland","Totaal","Totaal opleidingen","Totaal","2016",40
"268","Totaal mannen en vrouwen","65 jaar of ouder","Geboren buiten Nederland","Totaal","Totaal opleidingen","Totaal","2017",36
"269","Totaal mannen en vrouwen","65 jaar of ouder","Geboren buiten Nederland","Totaal","Totaal opleidingen","Totaal","2018",32
"270","Totaal mannen en vrouwen","65 jaar of ouder","Geboren buiten Nederland","Totaal","Totaal opleidingen","Totaal","2019",33
"271","Totaal mannen en vrouwen","65 jaar of ouder","Geboren buiten Nederland","Totaal","Totaal opleidingen","Totaal","2020",28
"272","Totaal mannen en vrouwen","65 jaar of ouder","Geboren buiten Nederland","Totaal","Totaal opleidingen","Totaal","2021",26
"273","Totaal mannen en vrouwen","65 jaar of ouder","Geboren buiten Nederland","Totaal","Totaal opleidingen","Totaal","2022",26
"274","Totaal mannen en vrouwen","65 jaar of ouder","Geboren buiten Nederland","Totaal","Totaal opleidingen","Totaal","2023*",24
"275","Totaal mannen en vrouwen","65 jaar of ouder","Geboren buiten Nederland","Totaal","Totaal opleidingen","Totaal","2024*",23
